<assembly>
       <id>dist</id>
       <formats>
          <format>zip</format>
       </formats>
       <fileSets>
          <fileSet>
             <directory>target</directory>
             <includes>
                <include>*.jar</include>
             </includes>
             <outputDirectory></outputDirectory>
             <fileMode>0644</fileMode>
          </fileSet>
          <fileSet>
             <directory>target/lib</directory>
             <includes>
                <include>*.jar</include>
             </includes>
             <outputDirectory>lib</outputDirectory>
             <fileMode>0644</fileMode>
          </fileSet>
          <fileSet>
             <directory>target/classes</directory>
             <includes>
                <include>*.bat</include>
                <include>*.sh</include>
             </includes>
             <outputDirectory>bin</outputDirectory>
             <fileMode>0755</fileMode>
          </fileSet>
          <fileSet>
             <directory>src/main/resources</directory>
             <includes>
                <include>*.properties</include>
                 <include>momconfig.xml</include>
             </includes>
             <excludes>
                <exclude>*-test.properties</exclude>
             </excludes>
             <outputDirectory>conf</outputDirectory>
             <fileMode>0644</fileMode>
          </fileSet>
       </fileSets>
</assembly>
